Compound,inchikey,inchi code
Glutamate,WHUUTDBJXJRKMK-VKHMYHEASA-N,"InChI=1S/C5H9NO4/c6-3(5(9)10)1-2-4(7)8/h3H,1-2,6H2,(H,7,8)(H,9,10)/t3-/m0/s1"
Indole-3-acetate,SEOVTRFCIGRIMH-UHFFFAOYSA-N,"InChI=1S/C10H9NO2/c12-10(13)5-7-6-11-9-4-2-1-3-8(7)9/h1-4,6,11H,5H2,(H,12,13)"
Valine,KZSNJWFQEVHDMF-BYPYZUCNSA-N,"InChI=1S/C5H11NO2/c1-3(2)4(6)5(7)8/h3-4H,6H2,1-2H3,(H,7,8)/t4-/m0/s1"
Taurine,XOAAWQZATWQOTB-UHFFFAOYSA-N,"InChI=1S/C2H7NO3S/c3-1-2-7(4,5)6/h1-3H2,(H,4,5,6)"
Histidine,HNDVDQJCIGZPNO-YFKPBYRVSA-N,"InChI=1S/C6H9N3O2/c7-5(6(10)11)1-4-2-8-3-9-4/h2-3,5H,1,7H2,(H,8,9)(H,10,11)/t5-/m0/s1"
4-Hydroxybenzoate,FJKROLUGYXJWQN-UHFFFAOYSA-N,"InChI=1S/C7H6O3/c8-6-3-1-5(2-4-6)7(9)10/h1-4,8H,(H,9,10)"
Betaine,KWIUHFFTVRNATP-UHFFFAOYSA-N,"InChI=1S/C5H11NO2/c1-6(2,3)4-5(7)8/h4H2,1-3H3"
2-Hydroxyisobutyrate,,
Cytosine,OPTASPLRGRRNAP-UHFFFAOYSA-N,"InChI=1S/C4H5N3O/c5-3-1-2-6-4(8)7-3/h1-2H,(H3,5,6,7,8)"
Glutamine,ZDXPYRJPNDTMRX-VKHMYHEASA-N,"InChI=1S/C5H10N2O3/c6-3(5(9)10)1-2-4(7)8/h3H,1-2,6H2,(H2,7,8)(H,9,10)/t3-/m0/s1"
Sarcosine,FSYKKLYZXJSNPZ-UHFFFAOYSA-N,"InChI=1S/C3H7NO2/c1-4-2-3(5)6/h4H,2H2,1H3,(H,5,6)"
Thymidine,IQFYYKKMVGJFEH-XLPZGREQSA-N,"InChI=1S/C10H14N2O5/c1-5-3-12(10(16)11-9(5)15)8-2-6(14)7(4-13)17-8/h3,6-8,13-14H,2,4H2,1H3,(H,11,15,16)/t6-,7+,8+/m0/s1"
Tryptophan,QIVBCDIJIAJPQS-VIFPVBQESA-N,"InChI=1S/C11H12N2O2/c12-9(11(14)15)5-7-6-13-10-4-2-1-3-8(7)10/h1-4,6,9,13H,5,12H2,(H,14,15)/t9-/m0/s1"
Dimethylamine,ROSDSFDQCJNGOL-UHFFFAOYSA-N,"InChI=1S/C2H7N/c1-3-2/h3H,1-2H3"
Hypoxanthine,FDGQSTZJBFJUBT-UHFFFAOYSA-N,"InChI=1S/C5H4N4O/c10-5-3-4(7-1-6-3)8-2-9-5/h1-2H,(H2,6,7,8,9,10)"
Citrate,KRKNYBCHXYNGOX-UHFFFAOYSA-N,"InChI=1S/C6H8O7/c7-3(8)1-6(13,5(11)12)2-4(9)10/h13H,1-2H2,(H,7,8)(H,9,10)(H,11,12)"
Malate,BJEPYKJPYRNKOW-REOHCLBHSA-N,"InChI=1S/C4H6O5/c5-2(4(8)9)1-3(6)7/h2,5H,1H2,(H,6,7)(H,8,9)/t2-/m0/s1"
Phenylalanine,COLNVLDHVKWLRT-QMMMGPOBSA-N,"InChI=1S/C9H11NO2/c10-8(9(11)12)6-7-4-2-1-3-5-7/h1-5,8H,6,10H2,(H,11,12)/t8-/m0/s1"
Ascorbate,CIWBSHSKHKDKBQ-JLAZNSOCSA-N,"InChI=1S/C6H8O6/c7-1-2(8)5-3(9)4(10)6(11)12-5/h2,5,7-10H,1H2/t2-,5+/m0/s1"
Creatine,CVSVTCORWBXHQV-UHFFFAOYSA-N,"InChI=1S/C4H9N3O2/c1-7(4(5)6)2-3(8)9/h2H2,1H3,(H3,5,6)(H,8,9)"
Propionate,XBDQKXXYIPTUBI-UHFFFAOYSA-N,"InChI=1S/C3H6O2/c1-2-3(4)5/h2H2,1H3,(H,4,5)"
6' sialyllactose,,
Ornithine,AHLPHDHHMVZTML-BYPYZUCNSA-N,"InChI=1S/C5H12N2O2/c6-3-1-2-4(7)5(8)9/h4H,1-3,6-7H2,(H,8,9)/t4-/m0/s1"
Tyrosine,OUYCCCASQSFEME-QMMMGPOBSA-N,"InChI=1S/C9H11NO3/c10-8(9(12)13)5-6-1-3-7(11)4-2-6/h1-4,8,11H,5,10H2,(H,12,13)/t8-/m0/s1"
"5,6-Dihydrouracil",OIVLITBTBDPEFK-UHFFFAOYSA-N,"InChI=1S/C4H6N2O2/c7-3-1-2-5-4(8)6-3/h1-2H2,(H2,5,6,7,8)"
3'-sialyllactose,,
Glutarate,JFCQEDHGNNZCLN-UHFFFAOYSA-N,"InChI=1S/C5H8O4/c6-4(7)2-1-3-5(8)9/h1-3H2,(H,6,7)(H,8,9)"
Choline,OEYIOHPDSNJKLS-UHFFFAOYSA-N,"InChI=1S/C5H14NO/c1-6(2,3)4-5-7/h7H,4-5H2,1-3H3/q+1"
Acetate,QTBSBXVTEAMEQO-UHFFFAOYSA-N,"InChI=1S/C2H4O2/c1-2(3)4/h1H3,(H,3,4)"
Methionine,FFEARJCKVFRZRR-BYPYZUCNSA-N,"InChI=1S/C5H11NO2S/c1-9-3-2-4(6)5(7)8/h4H,2-3,6H2,1H3,(H,7,8)/t4-/m0/s1"
Urea,XSQUKJJJFZCRTK-UHFFFAOYSA-N,"InChI=1S/CH4N2O/c2-1(3)4/h(H4,2,3,4)"
2'-Deoxyuridine,MXHRCPNRJAMMIM-SHYZEUOFSA-N,"InChI=1S/C9H12N2O5/c12-4-6-5(13)3-8(16-6)11-2-1-7(14)10-9(11)15/h1-2,5-6,8,12-13H,3-4H2,(H,10,14,15)/t5-,6+,8+/m0/s1"
2-Aminobutyrate,QWCKQJZIFLGMSD-VKHMYHEASA-N,"InChI=1S/C4H9NO2/c1-2-3(5)4(6)7/h3H,2,5H2,1H3,(H,6,7)/t3-/m0/s1"
Threonine,AYFVYJQAPQTCCC-GBXIJSLDSA-N,"InChI=1S/C4H9NO3/c1-2(6)3(5)4(7)8/h2-3,6H,5H2,1H3,(H,7,8)/t2-,3+/m1/s1"
N-Methylhydantoin,RHYBFKMFHLPQPH-UHFFFAOYSA-N,"InChI=1S/C4H6N2O2/c1-6-2-3(7)5-4(6)8/h2H2,1H3,(H,5,7,8)"
Guanosine,NYHBQMYGNKIUIF-UUOKFMHZSA-N,"InChI=1S/C10H13N5O5/c11-10-13-7-4(8(19)14-10)12-2-15(7)9-6(18)5(17)3(1-16)20-9/h2-3,5-6,9,16-18H,1H2,(H3,11,13,14,19)/t3-,5-,6-,9-/m1/s1"
Acetoin,ROWKJAVDOGWPAT-UHFFFAOYSA-N,"InChI=1S/C4H8O2/c1-3(5)4(2)6/h3,5H,1-2H3"
Arabinose,SRBFZHDQGSBBOR-KLVWXMOXSA-N,"InChI=1S/C5H10O5/c6-2-1-10-5(9)4(8)3(2)7/h2-9H,1H2/t2-,3-,4+,5-/m0/s1"
O-Acetylcarnitine,RDHQFKQIGNGIED-MRVPVSSYSA-O,"InChI=1S/C9H17NO4/c1-7(11)14-8(5-9(12)13)6-10(2,3)4/h8H,5-6H2,1-4H3/p+1/t8-/m1/s1"
beta-Alanine,UCMIRNVEIXFBKS-UHFFFAOYSA-N,"InChI=1S/C3H7NO2/c4-2-1-3(5)6/h1-2,4H2,(H,5,6)"
Phenylacetate,WLJVXDMOQOGPHL-UHFFFAOYSA-N,"InChI=1S/C8H8O2/c9-8(10)6-7-4-2-1-3-5-7/h1-5H,6H2,(H,9,10)"
Lysine,KDXKERNSBIXSRK-YFKPBYRVSA-N,"InChI=1S/C6H14N2O2/c7-4-2-1-3-5(8)6(9)10/h5H,1-4,7-8H2,(H,9,10)/t5-/m0/s1"
Ribose,HMFHBZSHGGEWLO-SOOFDHNKSA-N,"InChI=1S/C5H10O5/c6-1-2-3(7)4(8)5(9)10-2/h2-9H,1H2/t2-,3-,4-,5?/m1/s1"
Valerate,NQPDZGIKBAWPEJ-UHFFFAOYSA-N,"InChI=1S/C5H10O2/c1-2-3-4-5(6)7/h2-4H2,1H3,(H,6,7)"
"N,N-Dimethylglycine",FFDGPVCHZBVARC-UHFFFAOYSA-N,"InChI=1S/C4H9NO2/c1-5(2)3-4(6)7/h3H2,1-2H3,(H,6,7)"
Phenol,ISWSIDIOOBJBQZ-UHFFFAOYSA-N,"InChI=1S/C6H6O/c7-6-4-2-1-3-5-6/h1-5,7H"
4-Hydroxyphenylacetate,XQXPVVBIMDBYFF-UHFFFAOYSA-N,"InChI=1S/C8H8O3/c9-7-3-1-6(2-4-7)5-8(10)11/h1-4,9H,5H2,(H,10,11)"
Ethanolamine,HZAXFHJVJLSVMW-UHFFFAOYSA-N,"InChI=1S/C2H7NO/c3-1-2-4/h4H,1-3H2"
2-Oxoglutarate,KPGXRSRHYNQIFN-UHFFFAOYSA-N,"InChI=1S/C5H6O5/c6-3(5(9)10)1-2-4(7)8/h1-2H2,(H,7,8)(H,9,10)"
Proline,ONIBWKKTOPOVIA-BYPYZUCNSA-N,"InChI=1S/C5H9NO2/c7-5(8)4-2-1-3-6-4/h4,6H,1-3H2,(H,7,8)/t4-/m0/s1"
2-Hydroxybutyrate,AFENDNXGAFYKQO-VKHMYHEASA-N,"InChI=1S/C4H8O3/c1-2-3(5)4(6)7/h3,5H,2H2,1H3,(H,6,7)/t3-/m0/s1"
Fucose,PMMURAAUARKVCB-DUVQVXGLSA-N,"InChI=1S/C6H12O5/c7-2-4-6(10)3(8)1-5(9)11-4/h3-10H,1-2H2/t3-,4-,5?,6-/m1/s1"
Lactate,JVTAAEKCZFNVCJ-REOHCLBHSA-N,"InChI=1S/C3H6O3/c1-2(4)3(5)6/h2,4H,1H3,(H,5,6)/t2-/m0/s1"
Trimethylamine,GETQZCLCWQTVFV-UHFFFAOYSA-N,InChI=1S/C3H9N/c1-4(2)3/h1-3H3
2'-Deoxyinosine,VGONTNSXDCQUGY-RRKCRQDMSA-N,"InChI=1S/C10H12N4O4/c15-2-6-5(16)1-7(18-6)14-4-13-8-9(14)11-3-12-10(8)17/h3-7,15-16H,1-2H2,(H,11,12,17)/t5-,6+,7+/m0/s1"
Ethanol,LFQSCWFLJHTTHZ-UHFFFAOYSA-N,"InChI=1S/C2H6O/c1-2-3/h3H,2H2,1H3"
Inosine,UGQMRVRMYYASKQ-KQYNXXCUSA-N,"InChI=1S/C10H12N4O5/c15-1-4-6(16)7(17)10(19-4)14-3-13-5-8(14)11-2-12-9(5)18/h2-4,6-7,10,15-17H,1H2,(H,11,12,18)/t4-,6-,7-,10-/m1/s1"
DL-methionine-sulfoxide,QEFRNWWLZKMPFJ-YGVKFDHGSA-N,"InChI=1S/C5H11NO3S/c1-10(9)3-2-4(6)5(7)8/h4H,2-3,6H2,1H3,(H,7,8)/t4-,10?/m0/s1"
Uracil,ISAKRJDGNUQOIC-UHFFFAOYSA-N,"InChI=1S/C4H4N2O2/c7-3-1-2-5-4(8)6-3/h1-2H,(H2,5,6,7,8)"
Acetaminophen,RZVAJINKPMORJF-UHFFFAOYSA-N,"InChI=1S/C8H9NO2/c1-6(10)9-7-2-4-8(11)5-3-7/h2-5,11H,1H3,(H,9,10)"
Isopropanol,KFZMGEQAYNKOFK-UHFFFAOYSA-N,"InChI=1S/C3H8O/c1-3(2)4/h3-4H,1-2H3"
5-Aminopentanoate,JJMDCOVWQOJGCB-UHFFFAOYSA-N,"InChI=1S/C5H11NO2/c6-4-2-1-3-5(7)8/h1-4,6H2,(H,7,8)"
Galactose,WQZGKKKJIJFFOK-PHYPRBDBSA-N,"InChI=1S/C6H12O6/c7-1-2-3(8)4(9)5(10)6(11)12-2/h2-11H,1H2/t2-,3+,4+,5-,6+/m1/s1"
Aspartate,CKLJMWTZIZZHCS-REOHCLBHSA-N,"InChI=1S/C4H7NO4/c5-2(4(8)9)1-3(6)7/h2H,1,5H2,(H,6,7)(H,8,9)/t2-/m0/s1"
Xylose,SRBFZHDQGSBBOR-IOVATXLUSA-N,"InChI=1S/C5H10O5/c6-2-1-10-5(9)4(8)3(2)7/h2-9H,1H2/t2-,3+,4-,5?/m1/s1"
p-Cresol,IWDCLRJOBJJRNH-UHFFFAOYSA-N,"InChI=1S/C7H8O/c1-6-2-4-7(8)5-3-6/h2-5,8H,1H3"
Formate,BDAGIHXWWSANSR-UHFFFAOYSA-N,"InChI=1S/CH2O2/c2-1-3/h1H,(H,2,3)"
Arginine,ODKSFYDXXFIFQN-BYPYZUCNSA-N,"InChI=1S/C6H14N4O2/c7-4(5(11)12)2-1-3-10-6(8)9/h4H,1-3,7H2,(H,11,12)(H4,8,9,10)/t4-/m0/s1"
beta-Pseudouridine,PTJWIQPHWPFNBW-GBNDHIKLSA-N,"InChI=1S/C9H12N2O6/c12-2-4-5(13)6(14)7(17-4)3-1-10-9(16)11-8(3)15/h1,4-7,12-14H,2H2,(H2,10,11,15,16)/t4-,5-,6-,7+/m1/s1"
N-Acetylglucosamine,OVRNDRQMDRJTHS-RTRLPJTCSA-N,"InChI=1S/C8H15NO6/c1-3(11)9-5-7(13)6(12)4(2-10)15-8(5)14/h4-8,10,12-14H,2H2,1H3,(H,9,11)/t4-,5-,6-,7-,8?/m1/s1"
Lacto-N-fucopentaose I,,
3' fucosyl lactose,,
3-Hydroxybutyrate,WHBMMWSBFZVSSR-GSVOUGTGSA-N,"InChI=1S/C4H8O3/c1-3(5)2-4(6)7/h3,5H,2H2,1H3,(H,6,7)/t3-/m1/s1"
Pyruvate,LCTONWCANYUPML-UHFFFAOYSA-N,"InChI=1S/C3H4O3/c1-2(4)3(5)6/h1H3,(H,5,6)"
Lactose,GUBGYTABKSRVRQ-DCSYEGIMSA-N,"InChI=1S/C12H22O11/c13-1-3-5(15)6(16)9(19)12(22-3)23-10-4(2-14)21-11(20)8(18)7(10)17/h3-20H,1-2H2/t3-,4-,5+,6+,7-,8-,9-,10-,11-,12+/m1/s1"
Fumarate,VZCYOOQTPOCHFL-OWOJBTEDSA-N,"InChI=1S/C4H4O4/c5-3(6)1-2-4(7)8/h1-2H,(H,5,6)(H,7,8)/b2-1+"
Uridine,DRTQHJPVMGBUCF-XVFCMESISA-N,"InChI=1S/C9H12N2O6/c12-3-4-6(14)7(15)8(17-4)11-2-1-5(13)10-9(11)16/h1-2,4,6-8,12,14-15H,3H2,(H,10,13,16)/t4-,6-,7-,8-/m1/s1"
Butyrate,FERIUCNNQQJTOY-UHFFFAOYSA-N,"InChI=1S/C4H8O2/c1-2-3-4(5)6/h2-3H2,1H3,(H,5,6)"
3-Phenyllactate,RKUNBYITZUJHSG-SPUOUPEWSA-N,"InChI=1S/C17H23NO3/c1-18-13-7-8-14(18)10-15(9-13)21-17(20)16(11-19)12-5-3-2-4-6-12/h2-6,13-16,19H,7-11H2,1H3/t13-,14+,15+,16?"
Asparagine,DCXYFEDJOCDNAF-REOHCLBHSA-N,"InChI=1S/C4H8N2O3/c5-2(4(8)9)1-3(6)7/h2H,1,5H2,(H2,6,7)(H,8,9)/t2-/m0/s1"
Cadaverine,VHRGRCVQAFMJIZ-UHFFFAOYSA-N,InChI=1S/C5H14N2/c6-4-2-1-3-5-7/h1-7H2
Glycine,DHMQDGOQFOQNFH-UHFFFAOYSA-N,"InChI=1S/C2H5NO2/c3-1-2(4)5/h1,3H2,(H,4,5)"
Ethyl-beta-D-glucuronide,,
Tyramine,DZGWFCGJZKJUFP-UHFFFAOYSA-N,"InChI=1S/C8H11NO/c9-6-5-7-1-3-8(10)4-2-7/h1-4,10H,5-6,9H2"
"1,3-Dihydroxyacetone",RXKJFZQQPQGTFL-UHFFFAOYSA-N,"InChI=1S/C3H6O3/c4-1-3(6)2-5/h4-5H,1-2H2"
Lacto-N-fucopentaose III,,
Desaminotyrosine,NMHMNPHRMNGLLB-UHFFFAOYSA-N,"InChI=1S/C9H10O3/c10-8-4-1-7(2-5-8)3-6-9(11)12/h1-2,4-5,10H,3,6H2,(H,11,12)"
Methanol,OKKJLVBELUTLKV-UHFFFAOYSA-N,"InChI=1S/CH4O/c1-2/h2H,1H3"
Lactodifucotetraose,,
4-Aminobutyrate,BTCSSZJGUNDROE-UHFFFAOYSA-N,"InChI=1S/C4H9NO2/c5-3-1-2-4(6)7/h1-3,5H2,(H,6,7)"
Pyroglutamate,ODHCTXKNWHHXJC-VKHMYHEASA-N,"InChI=1S/C5H7NO3/c7-4-2-1-3(6-4)5(8)9/h3H,1-2H2,(H,6,7)(H,8,9)/t3-/m0/s1"
2-Hydroxyglutarate,HWXBTNAVRSUOJR-UHFFFAOYSA-N,"InChI=1S/C5H8O5/c6-3(5(9)10)1-2-4(7)8/h3,6H,1-2H2,(H,7,8)(H,9,10)"
N-Carbamoyl-beta-alanine,JSJWCHRYRHKBBW-UHFFFAOYSA-N,"InChI=1S/C4H8N2O3/c5-4(9)6-2-1-3(7)8/h1-2H2,(H,7,8)(H3,5,6,9)"
2' fucosyl lactose,,
Putrescine,KIDHWZJUCRJVML-UHFFFAOYSA-N,InChI=1S/C4H12N2/c5-3-1-2-4-6/h1-6H2
Methylsuccinate,XFTRTWQBIOMVPK-YFKPBYRVSA-N,"InChI=1S/C5H8O5/c1-5(10,4(8)9)2-3(6)7/h10H,2H2,1H3,(H,6,7)(H,8,9)/t5-/m0/s1"
Thymine,RWQNBRDOKXIBIV-UHFFFAOYSA-N,"InChI=1S/C5H6N2O2/c1-3-2-6-5(9)7-4(3)8/h2H,1H3,(H2,6,7,8,9)"
4-Hydroxyphenyllactate,JVGVDSSUAVXRDY-UHFFFAOYSA-N,"InChI=1S/C9H10O4/c10-7-3-1-6(2-4-7)5-8(11)9(12)13/h1-4,8,10-11H,5H2,(H,12,13)"
Propylene glycol,DNIAPMSPPWPWGF-GSVOUGTGSA-N,"InChI=1S/C3H8O2/c1-3(5)2-4/h3-5H,2H2,1H3/t3-/m1/s1"
Nicotinate,PVNIIMVLHYAWGP-UHFFFAOYSA-N,"InChI=1S/C6H5NO2/c8-6(9)5-2-1-3-7-4-5/h1-4H,(H,8,9)"
Allantoin,POJWUDADGALRAB-UHFFFAOYSA-N,"InChI=1S/C4H6N4O3/c5-3(10)6-1-2(9)8-4(11)7-1/h1H,(H3,5,6,10)(H2,7,8,9,11)"
Serine,MTCFGRXMJLQNBG-UHFFFAOYSA-N,"InChI=1S/C3H7NO3/c4-2(1-5)3(6)7/h2,5H,1,4H2,(H,6,7)"
Carnitine,PHIQHXFUZVPYII-ZCFIWIBFSA-N,"InChI=1S/C7H15NO3/c1-8(2,3)5-6(9)4-7(10)11/h6,9H,4-5H2,1-3H3/t6-/m1/s1"
Isobutyrate,KQNPFQTWMSNSAP-UHFFFAOYSA-N,"InChI=1S/C4H8O2/c1-3(2)4(5)6/h3H,1-2H3,(H,5,6)"
Isoleucine,AGPKZVBTJJNPAG-WHFBIAKZSA-N,"InChI=1S/C6H13NO2/c1-3-4(2)5(7)6(8)9/h4-5H,3,7H2,1-2H3,(H,8,9)/t4-,5-/m0/s1"
N-Acetylneuraminate,SQVRNKJHWKZAKO-LUWBGTNYSA-N,"InChI=1S/C11H19NO9/c1-4(14)12-7-5(15)2-11(20,10(18)19)21-9(7)8(17)6(16)3-13/h5-9,13,15-17,20H,2-3H2,1H3,(H,12,14)(H,18,19)/t5-,6+,7+,8+,9+,11?/m0/s1"
Cytidine,UHDGCWIWMRVCDJ-XVFCMESISA-N,"InChI=1S/C9H13N3O5/c10-5-1-2-12(9(16)11-5)8-7(15)6(14)4(3-13)17-8/h1-2,4,6-8,13-15H,3H2,(H2,10,11,16)/t4-,6-,7-,8-/m1/s1"
Alanine,QNAYBMKLOCPYGJ-REOHCLBHSA-N,"InChI=1S/C3H7NO2/c1-2(4)3(5)6/h2H,4H2,1H3,(H,5,6)/t2-/m0/s1"
Urocanate,LOIYMIARKYCTBW-OWOJBTEDSA-N,"InChI=1S/C6H6N2O2/c9-6(10)2-1-5-3-7-4-8-5/h1-4H,(H,7,8)(H,9,10)/b2-1+"
Isovalerate,GWYFCOCPABKNJV-UHFFFAOYSA-N,"InChI=1S/C5H10O2/c1-4(2)3-5(6)7/h4H,3H2,1-2H3,(H,6,7)"
Glucose,WQZGKKKJIJFFOK-VFUOTHLCSA-N,"InChI=1S/C6H12O6/c7-1-2-3(8)4(9)5(10)6(11)12-2/h2-11H,1H2/t2-,3-,4+,5-,6-/m1/s1"
Succinate,KDYFGRWQOYBRFD-UHFFFAOYSA-N,"InChI=1S/C4H6O4/c5-3(6)1-2-4(7)8/h1-2H2,(H,5,6)(H,7,8)"
Creatinine,DDRJAANPRJIHGJ-UHFFFAOYSA-N,"InChI=1S/C4H7N3O/c1-7-2-3(8)6-4(7)5/h2H2,1H3,(H2,5,6,8)"
Glycerol,PEDCQBHIVMGVHV-UHFFFAOYSA-N,"InChI=1S/C3H8O3/c4-1-3(6)2-5/h3-6H,1-2H2"
Indole-3-lactate,XGILAAMKEQUXLS-UHFFFAOYSA-N,"InChI=1S/C11H11NO3/c13-10(11(14)15)5-7-6-12-9-4-2-1-3-8(7)9/h1-4,6,10,12-13H,5H2,(H,14,15)"
Citrulline,RHGKLRLOHDJJDR-BYPYZUCNSA-N,"InChI=1S/C6H13N3O3/c7-4(5(10)11)2-1-3-9-6(8)12/h4H,1-3,7H2,(H,10,11)(H3,8,9,12)/t4-/m0/s1"
Methylamine,BAVYZALUXZFZLV-UHFFFAOYSA-N,"InChI=1S/CH5N/c1-2/h2H2,1H3"
myo-Inositol,CDAISMWEOUEBRE-GPIVLXJGSA-N,"InChI=1S/C6H12O6/c7-1-2(8)4(10)6(12)5(11)3(1)9/h1-12H/t1-,2-,3-,4+,5-,6-"
Leucine,ROHFNLRQFUQHCH-YFKPBYRVSA-N,"InChI=1S/C6H13NO2/c1-4(2)3-5(7)6(8)9/h4-5H,3,7H2,1-2H3,(H,8,9)/t5-/m0/s1"
2-Hydroxyisovalerate,,
